Date,Title,Price,Item_URL
"08:46PM on October 30, 2021","Plugable USB 3.0 Universal Laptop Docking Station Dual Monitor for Windows and Mac (Dual Video: HDMI and DVI/VGA/HDMI, Gigabit Ethernet, Audio, 6 USB Ports) ",$99.00,https://amazon.com/gp/slredirect/picassoRedirect.html/ref=pa_sp_atf_aps_sr_pg1_1?ie=UTF8&adId=A04737066JCR09KCBFMT&url=%2FPlugable-Universal-Docking-Station-Ethernet%2Fdp%2FB00ECDM78E%2Fref%3Dsr_1_1_sspa%3Fdchild%3D1%26keywords%3DPlugable%2BUSB%2B3.0%2Band%2BUSB-C%2BUniversal%2BLaptop%2BDocking%2BStation%2Bfor%2BWindows%2Band%2BMac%2B%2528Dual%2BVideo%2BHDMI%252C%2BGigabit%2BEthernet%252C%2BAudio%252C%2B6%2BUSB%2BPorts%2529%26qid%3D1635641196%26sr%3D8-1-spons%26psc%3D1&qualifier=1635641196&id=2500265895014731&widgetName=sp_atf
"08:46PM on October 30, 2021","Plugable USB 3.0¬†Universal Laptop Docking Station for Windows and Mac (Dual Monitor: HDMI and DVI/HDMI/VGA, Gigabit Ethernet, Audio, 6 USB Ports) - Horizontal ",$99.00,https://amazon.com/gp/slredirect/picassoRedirect.html/ref=pa_sp_atf_aps_sr_pg1_1?ie=UTF8&adId=A0473606ZC08AXJRY9XY&url=%2FPlugable-Monitor-Horizontal-Docking-Ethernet%2Fdp%2FB07BFJSYFM%2Fref%3Dsr_1_2_sspa%3Fdchild%3D1%26keywords%3DPlugable%2BUSB%2B3.0%2Band%2BUSB-C%2BUniversal%2BLaptop%2BDocking%2BStation%2Bfor%2BWindows%2Band%2BMac%2B%2528Dual%2BVideo%2BHDMI%252C%2BGigabit%2BEthernet%252C%2BAudio%252C%2B6%2BUSB%2BPorts%2529%26qid%3D1635641196%26sr%3D8-2-spons%26psc%3D1%26smid%3DA3HIHADV23VGU1&qualifier=1635641196&id=2500265895014731&widgetName=sp_atf
"08:46PM on October 30, 2021","Plugable USB 3.0 and USB-C Universal Laptop Docking Station for Windows and Mac (Dual Video HDMI, Gigabit Ethernet, Audio, 6 USB Ports) ",$99.00,https://amazon.com/Plugable-Universal-Docking-Station-Ethernet/dp/B08B6FMPTP/ref=sr_1_3?dchild=1&keywords=Plugable+USB+3.0+and+USB-C+Universal+Laptop+Docking+Station+for+Windows+and+Mac+%28Dual+Video+HDMI%2C+Gigabit+Ethernet%2C+Audio%2C+6+USB+Ports%29&qid=1635641196&qsid=138-5733135-2522908&sr=8-3&sres=B08B6FMPTP%2CB07BFJSYFM%2CB08B6CZ29Q%2CB075DJMVW2%2CB00ECDM78E%2CB098W6WHY6%2CB07CRSH25X%2CB076HXWR9M%2CB075M1XHCK%2CB08DDH5CPW%2CB078J7FSWM%2CB06ZYR66QB%2CB08HR3T837%2CB08HNJRVC3%2CB08F2SZQYX%2CB07QFYRGW8&srpt=ELECTRONIC_DEVICE_DOCKING_STATION
"08:46PM on October 30, 2021","Plugable USB 3.0¬†Universal Laptop Docking Station for Windows and Mac (Dual Monitor: HDMI and DVI/HDMI/VGA, Gigabit Ethernet, Audio, 6 USB Ports) - Horizontal ",$99.00,https://amazon.com/Plugable-Monitor-Horizontal-Docking-Ethernet/dp/B07BFJSYFM/ref=sr_1_4?dchild=1&keywords=Plugable+USB+3.0+and+USB-C+Universal+Laptop+Docking+Station+for+Windows+and+Mac+%28Dual+Video+HDMI%2C+Gigabit+Ethernet%2C+Audio%2C+6+USB+Ports%29&qid=1635641196&qsid=138-5733135-2522908&sr=8-4&sres=B08B6FMPTP%2CB07BFJSYFM%2CB08B6CZ29Q%2CB075DJMVW2%2CB00ECDM78E%2CB098W6WHY6%2CB07CRSH25X%2CB076HXWR9M%2CB075M1XHCK%2CB08DDH5CPW%2CB078J7FSWM%2CB06ZYR66QB%2CB08HR3T837%2CB08HNJRVC3%2CB08F2SZQYX%2CB07QFYRGW8&srpt=ELECTRONIC_DEVICE_DOCKING_STATION
"08:46PM on October 30, 2021","Plugable USB 3.0 and USB-C Dual 4K Display Docking Station with DisplayPort and HDMI for Windows and Mac (Dual 4K DisplayPort & HDMI, Gigabit Ethernet, Audio, 6 USB Ports) Vertical ",$149.00,https://amazon.com/Plugable-Display-DisplayPort-Ethernet-Vertical/dp/B08B6CZ29Q/ref=sr_1_5?dchild=1&keywords=Plugable+USB+3.0+and+USB-C+Universal+Laptop+Docking+Station+for+Windows+and+Mac+%28Dual+Video+HDMI%2C+Gigabit+Ethernet%2C+Audio%2C+6+USB+Ports%29&qid=1635641196&qsid=138-5733135-2522908&sr=8-5&sres=B08B6FMPTP%2CB07BFJSYFM%2CB08B6CZ29Q%2CB075DJMVW2%2CB00ECDM78E%2CB098W6WHY6%2CB07CRSH25X%2CB076HXWR9M%2CB075M1XHCK%2CB08DDH5CPW%2CB078J7FSWM%2CB06ZYR66QB%2CB08HR3T837%2CB08HNJRVC3%2CB08F2SZQYX%2CB07QFYRGW8&srpt=ELECTRONIC_DEVICE_DOCKING_STATION
"08:46PM on October 30, 2021","Plugable USB 3.0 Dual DisplayPort 4K Monitor Universal Laptop Docking Station for Windows and Mac (Dual 4K DisplayPort, Gigabit Ethernet, Audio, 6 USB Ports) ",$179.00,https://amazon.com/Plugable-DisplayPort-Monitor-Universal-Ethernet/dp/B075DJMVW2/ref=sr_1_6?dchild=1&keywords=Plugable+USB+3.0+and+USB-C+Universal+Laptop+Docking+Station+for+Windows+and+Mac+%28Dual+Video+HDMI%2C+Gigabit+Ethernet%2C+Audio%2C+6+USB+Ports%29&qid=1635641196&qsid=138-5733135-2522908&sr=8-6&sres=B08B6FMPTP%2CB07BFJSYFM%2CB08B6CZ29Q%2CB075DJMVW2%2CB00ECDM78E%2CB098W6WHY6%2CB07CRSH25X%2CB076HXWR9M%2CB075M1XHCK%2CB08DDH5CPW%2CB078J7FSWM%2CB06ZYR66QB%2CB08HR3T837%2CB08HNJRVC3%2CB08F2SZQYX%2CB07QFYRGW8&srpt=ELECTRONIC_DEVICE_DOCKING_STATION
"08:46PM on October 30, 2021","ICY BOX USB 3.0 Universal Laptop Docking Station for Windows/Mac - Dual Monitor Dock (Dual HDMI, Gigabit Ethernet, Audio, 4 USB Ports) with USB B to A/C Cable ",$99.00,https://amazon.com/gp/slredirect/picassoRedirect.html/ref=pa_sp_mtf_aps_sr_pg1_1?ie=UTF8&adId=A032497430M8T4YZKWIA3&url=%2FUniversal-Laptop-Docking-Station-Windows%2Fdp%2FB081S5XL28%2Fref%3Dsr_1_7_sspa%3Fdchild%3D1%26keywords%3DPlugable%2BUSB%2B3.0%2Band%2BUSB-C%2BUniversal%2BLaptop%2BDocking%2BStation%2Bfor%2BWindows%2Band%2BMac%2B%2528Dual%2BVideo%2BHDMI%252C%2BGigabit%2BEthernet%252C%2BAudio%252C%2B6%2BUSB%2BPorts%2529%26qid%3D1635641196%26sr%3D8-7-spons%26psc%3D1&qualifier=1635641196&id=2500265895014731&widgetName=sp_mtf
"08:46PM on October 30, 2021","Plugable USB 3.0 Universal Laptop Docking Station Dual Monitor for Windows and Mac (Dual Video: HDMI and DVI/VGA/HDMI, Gigabit Ethernet, Audio, 6 USB Ports) ",$99.00,https://amazon.com/Plugable-Universal-Docking-Station-Ethernet/dp/B00ECDM78E/ref=sr_1_8?dchild=1&keywords=Plugable+USB+3.0+and+USB-C+Universal+Laptop+Docking+Station+for+Windows+and+Mac+%28Dual+Video+HDMI%2C+Gigabit+Ethernet%2C+Audio%2C+6+USB+Ports%29&qid=1635641196&qsid=138-5733135-2522908&sr=8-8&sres=B08B6FMPTP%2CB07BFJSYFM%2CB08B6CZ29Q%2CB075DJMVW2%2CB00ECDM78E%2CB098W6WHY6%2CB07CRSH25X%2CB076HXWR9M%2CB075M1XHCK%2CB08DDH5CPW%2CB078J7FSWM%2CB06ZYR66QB%2CB08HR3T837%2CB08HNJRVC3%2CB08F2SZQYX%2CB07QFYRGW8&srpt=ELECTRONIC_DEVICE_DOCKING_STATION
"08:46PM on October 30, 2021","Plugable USB 3.0 Universal Laptop Docking Station Dual Monitor Bundle with USB C to USB A Adapter Cable for Windows and Mac (Dual Video: HDMI and DVI/VGA/HDMI, Gigabit Ethernet, Audio, 6 USB Ports) ",$103.95,https://amazon.com/Plugable-Universal-Docking-Station-Monitor/dp/B098W6WHY6/ref=sr_1_9?dchild=1&keywords=Plugable+USB+3.0+and+USB-C+Universal+Laptop+Docking+Station+for+Windows+and+Mac+%28Dual+Video+HDMI%2C+Gigabit+Ethernet%2C+Audio%2C+6+USB+Ports%29&qid=1635641196&qsid=138-5733135-2522908&sr=8-9&sres=B08B6FMPTP%2CB07BFJSYFM%2CB08B6CZ29Q%2CB075DJMVW2%2CB00ECDM78E%2CB098W6WHY6%2CB07CRSH25X%2CB076HXWR9M%2CB075M1XHCK%2CB08DDH5CPW%2CB078J7FSWM%2CB06ZYR66QB%2CB08HR3T837%2CB08HNJRVC3%2CB08F2SZQYX%2CB07QFYRGW8&srpt=ELECTRONIC_DEVICE_DOCKING_STATION
"08:46PM on October 30, 2021","Plugable USB 3.0 Dual 4K Display Horizontal Docking Station with DisplayPort and HDMI for Windows and Mac (Dual 4K DisplayPort &amp; HDMI, Gigabit Ethernet, Audio, 6 USB Ports) ",$160.06,https://amazon.com/Plugable-Display-Horizontal-DisplayPort-Ethernet/dp/B07CRSH25X/ref=sr_1_10?dchild=1&keywords=Plugable+USB+3.0+and+USB-C+Universal+Laptop+Docking+Station+for+Windows+and+Mac+%28Dual+Video+HDMI%2C+Gigabit+Ethernet%2C+Audio%2C+6+USB+Ports%29&qid=1635641196&qsid=138-5733135-2522908&sr=8-10&sres=B08B6FMPTP%2CB07BFJSYFM%2CB08B6CZ29Q%2CB075DJMVW2%2CB00ECDM78E%2CB098W6WHY6%2CB07CRSH25X%2CB076HXWR9M%2CB075M1XHCK%2CB08DDH5CPW%2CB078J7FSWM%2CB06ZYR66QB%2CB08HR3T837%2CB08HNJRVC3%2CB08F2SZQYX%2CB07QFYRGW8&srpt=ELECTRONIC_DEVICE_DOCKING_STATION
"08:46PM on October 30, 2021","Plugable USB C Docking Station with Charging, Compatible with Thunderbolt 3 and USB-C MacBooks and Specific Windows, Chromebook, Linux Systems (HDMI Display, 60W Charging, Ethernet, 3x USB 3.0 Ports) ",$149.00,https://amazon.com/Plugable-Charging-Compatible-Thunderbolt-Chromebook/dp/B076HXWR9M/ref=sr_1_11?dchild=1&keywords=Plugable+USB+3.0+and+USB-C+Universal+Laptop+Docking+Station+for+Windows+and+Mac+%28Dual+Video+HDMI%2C+Gigabit+Ethernet%2C+Audio%2C+6+USB+Ports%29&qid=1635641196&qsid=138-5733135-2522908&sr=8-11&sres=B08B6FMPTP%2CB07BFJSYFM%2CB08B6CZ29Q%2CB075DJMVW2%2CB00ECDM78E%2CB098W6WHY6%2CB07CRSH25X%2CB076HXWR9M%2CB075M1XHCK%2CB08DDH5CPW%2CB078J7FSWM%2CB06ZYR66QB%2CB08HR3T837%2CB08HNJRVC3%2CB08F2SZQYX%2CB07QFYRGW8&srpt=ELECTRONIC_DEVICE_DOCKING_STATION
"08:46PM on October 30, 2021","USB C Hub, UtechSmart Triple Display USB Type C Adapter Docking Station with 2 HDMI, VGA, Power Delivery Type C Port,SD TF Card Reader, 4 USB Ports USB-C Dock Compatible for MacBook, Other USBC Laptop ",$79.98,https://amazon.com/gp/slredirect/picassoRedirect.html/ref=pa_sp_mtf_aps_sr_pg1_1?ie=UTF8&adId=A0674543AB5UDVPWHH9D&url=%2FUtechSmart-Display-Adapter-Delivery-Compatible%2Fdp%2FB07PRJJNGF%2Fref%3Dsr_1_12_sspa%3Fdchild%3D1%26keywords%3DPlugable%2BUSB%2B3.0%2Band%2BUSB-C%2BUniversal%2BLaptop%2BDocking%2BStation%2Bfor%2BWindows%2Band%2BMac%2B%2528Dual%2BVideo%2BHDMI%252C%2BGigabit%2BEthernet%252C%2BAudio%252C%2B6%2BUSB%2BPorts%2529%26qid%3D1635641196%26sr%3D8-12-spons%26psc%3D1&qualifier=1635641196&id=2500265895014731&widgetName=sp_mtf
"08:46PM on October 30, 2021","Plugable Thunderbolt 3 Dock Compatible with MacBook and Windows Laptops with Thunderbolt 3. Charges Laptop, adds HDMI/DisplayPort up to 4K 60, Ethernet, Audio, 5 USB 3.0 Ports ",$229.00,https://amazon.com/Plugable-Thunderbolt-Charging-Compatible-DisplayPort/dp/B075M1XHCK/ref=sr_1_13?dchild=1&keywords=Plugable+USB+3.0+and+USB-C+Universal+Laptop+Docking+Station+for+Windows+and+Mac+%28Dual+Video+HDMI%2C+Gigabit+Ethernet%2C+Audio%2C+6+USB+Ports%29&qid=1635641196&qsid=138-5733135-2522908&sr=8-13&sres=B08B6FMPTP%2CB07BFJSYFM%2CB08B6CZ29Q%2CB075DJMVW2%2CB00ECDM78E%2CB098W6WHY6%2CB07CRSH25X%2CB076HXWR9M%2CB075M1XHCK%2CB08DDH5CPW%2CB078J7FSWM%2CB06ZYR66QB%2CB08HR3T837%2CB08HNJRVC3%2CB08F2SZQYX%2CB07QFYRGW8&srpt=ELECTRONIC_DEVICE_DOCKING_STATION
"08:46PM on October 30, 2021","Plugable USB C Triple Display Docking Station with Laptop Charging, Thunderbolt 3 or USB C Dock Compatible with Specific Windows and Mac Systems (3x HDMI, 6x USB Ports, 60W USB PD) ",$169.00,https://amazon.com/Plugable-Charging-Thunderbolt-Compatible-Specific/dp/B08DDH5CPW/ref=sr_1_14?dchild=1&keywords=Plugable+USB+3.0+and+USB-C+Universal+Laptop+Docking+Station+for+Windows+and+Mac+%28Dual+Video+HDMI%2C+Gigabit+Ethernet%2C+Audio%2C+6+USB+Ports%29&qid=1635641196&qsid=138-5733135-2522908&sr=8-14&sres=B08B6FMPTP%2CB07BFJSYFM%2CB08B6CZ29Q%2CB075DJMVW2%2CB00ECDM78E%2CB098W6WHY6%2CB07CRSH25X%2CB076HXWR9M%2CB075M1XHCK%2CB08DDH5CPW%2CB078J7FSWM%2CB06ZYR66QB%2CB08HR3T837%2CB08HNJRVC3%2CB08F2SZQYX%2CB07QFYRGW8&srpt=ELECTRONIC_DEVICE_DOCKING_STATION
"08:46PM on October 30, 2021","Plugable USB C Dock with 85W Charging Compatible with Thunderbolt 3 and USB-C MacBooks and Select Windows Laptops (HDMI up to 4K@30Hz, Ethernet, 4X USB 3.0 Ports, USB-C PD, Includes VESA Mount) ",$149.00,https://amazon.com/Plugable-Charging-Compatible-Thunderbolt-MacBooks/dp/B078J7FSWM/ref=sr_1_15?dchild=1&keywords=Plugable+USB+3.0+and+USB-C+Universal+Laptop+Docking+Station+for+Windows+and+Mac+%28Dual+Video+HDMI%2C+Gigabit+Ethernet%2C+Audio%2C+6+USB+Ports%29&qid=1635641196&qsid=138-5733135-2522908&sr=8-15&sres=B08B6FMPTP%2CB07BFJSYFM%2CB08B6CZ29Q%2CB075DJMVW2%2CB00ECDM78E%2CB098W6WHY6%2CB07CRSH25X%2CB076HXWR9M%2CB075M1XHCK%2CB08DDH5CPW%2CB078J7FSWM%2CB06ZYR66QB%2CB08HR3T837%2CB08HNJRVC3%2CB08F2SZQYX%2CB07QFYRGW8&srpt=ELECTRONIC_DEVICE_DOCKING_STATION
"08:46PM on October 30, 2021","Plugable Thunderbolt 3 Dock, Enables Extra Displays, Wired Network, Audio, and More USB Ports, Compatible with Thunderbolt 3 Macs and PCs (4K DisplayPort or HDMI Display, No Host Charging) ",$169.00,https://amazon.com/Plugable-Thunderbolt-Compatible-Supports-DisplayPort/dp/B06ZYR66QB/ref=sr_1_16?dchild=1&keywords=Plugable+USB+3.0+and+USB-C+Universal+Laptop+Docking+Station+for+Windows+and+Mac+%28Dual+Video+HDMI%2C+Gigabit+Ethernet%2C+Audio%2C+6+USB+Ports%29&qid=1635641196&qsid=138-5733135-2522908&sr=8-16&sres=B08B6FMPTP%2CB07BFJSYFM%2CB08B6CZ29Q%2CB075DJMVW2%2CB00ECDM78E%2CB098W6WHY6%2CB07CRSH25X%2CB076HXWR9M%2CB075M1XHCK%2CB08DDH5CPW%2CB078J7FSWM%2CB06ZYR66QB%2CB08HR3T837%2CB08HNJRVC3%2CB08F2SZQYX%2CB07QFYRGW8&srpt=ELECTRONIC_DEVICE_DOCKING_STATION
"08:46PM on October 30, 2021","Plugable Laptop Docking Station Dual Monitor for USB-C or USB 3.0, Compatible with Windows and Mac, (Dual HDMI, 6X USB Ports, Gigabit Ethernet, Audio) ",$119.00,https://amazon.com/gp/slredirect/picassoRedirect.html/ref=pa_sp_mtf_aps_sr_pg1_1?ie=UTF8&adId=A07804824DJBAZE1XQ19&url=%2FPlugable-Docking-Station-Compatible-Ethernet%2Fdp%2FB09HGDWQK4%2Fref%3Dsr_1_17_sspa%3Fdchild%3D1%26keywords%3DPlugable%2BUSB%2B3.0%2Band%2BUSB-C%2BUniversal%2BLaptop%2BDocking%2BStation%2Bfor%2BWindows%2Band%2BMac%2B%2528Dual%2BVideo%2BHDMI%252C%2BGigabit%2BEthernet%252C%2BAudio%252C%2B6%2BUSB%2BPorts%2529%26qid%3D1635641196%26sr%3D8-17-spons%26psc%3D1%26smid%3DA3HIHADV23VGU1&qualifier=1635641196&id=2500265895014731&widgetName=sp_mtf
"08:46PM on October 30, 2021","Plugable 4K DisplayPort and HDMI Dual Monitor Adapter for USB 3.0 and USB-C, Compatible with Windows and Mac ",$119.00,https://amazon.com/Plugable-DisplayPort-Monitor-Adapter-Compatible/dp/B08F2SZQYX/ref=sr_1_20?dchild=1&keywords=Plugable+USB+3.0+and+USB-C+Universal+Laptop+Docking+Station+for+Windows+and+Mac+%28Dual+Video+HDMI%2C+Gigabit+Ethernet%2C+Audio%2C+6+USB+Ports%29&qid=1635641196&qsid=138-5733135-2522908&sr=8-20&sres=B08B6FMPTP%2CB07BFJSYFM%2CB08B6CZ29Q%2CB075DJMVW2%2CB00ECDM78E%2CB098W6WHY6%2CB07CRSH25X%2CB076HXWR9M%2CB075M1XHCK%2CB08DDH5CPW%2CB078J7FSWM%2CB06ZYR66QB%2CB08HR3T837%2CB08HNJRVC3%2CB08F2SZQYX%2CB07QFYRGW8&srpt=ELECTRONIC_DEVICE_DOCKING_STATION
"08:46PM on October 30, 2021","Plugable USB C Cube - Mini Docking Station, Compatible with Thunderbolt 3 Ports and Specific USB-C Systems (No Host Charging, Connect 1x HDMI up to 4K @30Hz Monitor, Ethernet, 3X USB Ports) ",$99.00,https://amazon.com/Plugable-USB-Cube-Compatible-Thunderbolt/dp/B07QFYRGW8/ref=sr_1_21?dchild=1&keywords=Plugable+USB+3.0+and+USB-C+Universal+Laptop+Docking+Station+for+Windows+and+Mac+%28Dual+Video+HDMI%2C+Gigabit+Ethernet%2C+Audio%2C+6+USB+Ports%29&qid=1635641196&qsid=138-5733135-2522908&sr=8-21&sres=B08B6FMPTP%2CB07BFJSYFM%2CB08B6CZ29Q%2CB075DJMVW2%2CB00ECDM78E%2CB098W6WHY6%2CB07CRSH25X%2CB076HXWR9M%2CB075M1XHCK%2CB08DDH5CPW%2CB078J7FSWM%2CB06ZYR66QB%2CB08HR3T837%2CB08HNJRVC3%2CB08F2SZQYX%2CB07QFYRGW8&srpt=ELECTRONIC_DEVICE_DOCKING_STATION
"08:46PM on October 30, 2021","USB C Docking Station, 12 in 1 Laptop Docking Station Dual Monitor, Fatorm Triple Display with Dual 4K- HDMI, VGA, Gigablit Ethernet, 480Mbps SD/TF Card Reader, Compatible with MacBook/Surface/HP/Dell ",$59.99,https://amazon.com/gp/slredirect/picassoRedirect.html/ref=pa_sp_btf_aps_sr_pg1_1?ie=UTF8&adId=A009199239APW3RTPGSHA&url=%2FDocking-Fatorm-Gigablit-Ethernet-Compatible%2Fdp%2FB09336MYHH%2Fref%3Dsr_1_22_sspa%3Fdchild%3D1%26keywords%3DPlugable%2BUSB%2B3.0%2Band%2BUSB-C%2BUniversal%2BLaptop%2BDocking%2BStation%2Bfor%2BWindows%2Band%2BMac%2B%2528Dual%2BVideo%2BHDMI%252C%2BGigabit%2BEthernet%252C%2BAudio%252C%2B6%2BUSB%2BPorts%2529%26qid%3D1635641196%26sr%3D8-22-spons%26psc%3D1&qualifier=1635641196&id=2500265895014731&widgetName=sp_btf
"08:46PM on October 30, 2021","Logitech MX Keys Mini Minimalist Wireless Illuminated Keyboard, Compact, Bluetooth, Backlit, USB-C, Compatible with Apple macOS, iOS, Windows, Linux, Android, Metal Build - Graphite ",$99.99,https://amazon.com/gp/slredirect/picassoRedirect.html/ref=pa_sp_atf_aps_sr_pg1_1?ie=UTF8&adId=A07086133WOPWHI7RZFH&url=%2FLogitech-Minimalist-Illuminated-Bluetooth-Compatible%2Fdp%2FB098JPSVKY%2Fref%3Dsr_1_1_sspa%3Fdchild%3D1%26keywords%3DLogitech%2BK780%2BMulti-Device%2BWireless%2BKeyboard%2Bfor%2BComputer%252C%2BPhone%2Band%2BTablet%2B%25E2%2580%2593%2BFLOW%2BCross-Computer%2BControl%2BCompatible%2B%25E2%2580%2593%2BSpeckles%26qid%3D1635641201%26sr%3D8-1-spons%26psc%3D1&qualifier=1635641201&id=2909844206453120&widgetName=sp_atf
"08:46PM on October 30, 2021","Logitech MX Keys Mini Minimalist Wireless Illuminated Keyboard, Compact, Bluetooth, Backlit, USB-C, Compatible with Apple macOS, iOS, Windows, Linux, Android, Metal Build - Rose ",$99.99,https://amazon.com/gp/slredirect/picassoRedirect.html/ref=pa_sp_atf_aps_sr_pg1_1?ie=UTF8&adId=A0697846PPJZ4QK9D502&url=%2FLogitech-Minimalist-Illuminated-Bluetooth-Compatible%2Fdp%2FB098JGPWRN%2Fref%3Dsr_1_2_sspa%3Fdchild%3D1%26keywords%3DLogitech%2BK780%2BMulti-Device%2BWireless%2BKeyboard%2Bfor%2BComputer%252C%2BPhone%2Band%2BTablet%2B%25E2%2580%2593%2BFLOW%2BCross-Computer%2BControl%2BCompatible%2B%25E2%2580%2593%2BSpeckles%26qid%3D1635641201%26sr%3D8-2-spons%26psc%3D1&qualifier=1635641201&id=2909844206453120&widgetName=sp_atf
"08:46PM on October 30, 2021","Logitech K780 Multi-Device Wireless Keyboard for Computer, Phone and Tablet ‚Äì FLOW Cross-Computer Control Compatible ‚Äì Speckles ",$59.99,https://amazon.com/Logitech-Multi-Device-Wireless-Keyboard-Computer/dp/B01LZTBKBG/ref=sr_1_3?dchild=1&keywords=Logitech+K780+Multi-Device+Wireless+Keyboard+for+Computer%2C+Phone+and+Tablet+%E2%80%93+FLOW+Cross-Computer+Control+Compatible+%E2%80%93+Speckles&qid=1635641201&qsid=131-3308123-0358221&sr=8-3&sres=B01LZTBKBG%2CB079F68RPZ%2CB08ZZ8L1N7%2CB088LV8RLD%2CB001PRX27K%2CB08Q7Q6KFY%2CB09FSZV67M%2CB000TGF87A%2CB01NCEELHW%2CB01LA746D8%2CB01N5CS28J%2CB01MV4I26D%2CB010P3AODY%2CB003YZNGAO%2CB003U92YL6%2CB007RE9V0M&srpt=KEYBOARDS
"08:46PM on October 30, 2021","logitech K780 Multi-Device Wireless Keyboard for Computer, Phone and Tablet (Renewed) ",$49.99,https://amazon.com/Logitech-Multi-Device-Wireless-Certified-Refurbished/dp/B079F68RPZ/ref=sr_1_4?dchild=1&keywords=Logitech+K780+Multi-Device+Wireless+Keyboard+for+Computer%2C+Phone+and+Tablet+%E2%80%93+FLOW+Cross-Computer+Control+Compatible+%E2%80%93+Speckles&qid=1635641201&qsid=131-3308123-0358221&sr=8-4&sres=B01LZTBKBG%2CB079F68RPZ%2CB08ZZ8L1N7%2CB088LV8RLD%2CB001PRX27K%2CB08Q7Q6KFY%2CB09FSZV67M%2CB000TGF87A%2CB01NCEELHW%2CB01LA746D8%2CB01N5CS28J%2CB01MV4I26D%2CB010P3AODY%2CB003YZNGAO%2CB003U92YL6%2CB007RE9V0M&srpt=KEYBOARDS
"08:46PM on October 30, 2021","Logitech K780 Multi-Device Wireless Keyboard for Computer, Phone and Tablet ‚Äì Flow Cross-Computer Control Compatible ‚Äì Speckles & MX Master Wireless Mouse - Meteorite Black ",$122.20,https://amazon.com/Logitech-Multi-Device-Wireless-Keyboard-Computer/dp/B08ZZ8L1N7/ref=sr_1_5?dchild=1&keywords=Logitech+K780+Multi-Device+Wireless+Keyboard+for+Computer%2C+Phone+and+Tablet+%E2%80%93+FLOW+Cross-Computer+Control+Compatible+%E2%80%93+Speckles&qid=1635641201&qsid=131-3308123-0358221&sr=8-5&sres=B01LZTBKBG%2CB079F68RPZ%2CB08ZZ8L1N7%2CB088LV8RLD%2CB001PRX27K%2CB08Q7Q6KFY%2CB09FSZV67M%2CB000TGF87A%2CB01NCEELHW%2CB01LA746D8%2CB01N5CS28J%2CB01MV4I26D%2CB010P3AODY%2CB003YZNGAO%2CB003U92YL6%2CB007RE9V0M&srpt=KEYBOARDS
"08:46PM on October 30, 2021",Norme Halloween Neck Gaiter Face Scarf Mask Breathable Face Balaclava Adult Face Cover Scarf for Women Men ,$9.99,https://amazon.com/Norme-Protection-Cooling-Bandana-Headwear/dp/B088LV8RLD/ref=sr_1_6?dchild=1&keywords=Logitech+K780+Multi-Device+Wireless+Keyboard+for+Computer%2C+Phone+and+Tablet+%E2%80%93+FLOW+Cross-Computer+Control+Compatible+%E2%80%93+Speckles&qid=1635641201&qsid=131-3308123-0358221&sr=8-6&sres=B01LZTBKBG%2CB079F68RPZ%2CB08ZZ8L1N7%2CB088LV8RLD%2CB001PRX27K%2CB08Q7Q6KFY%2CB09FSZV67M%2CB000TGF87A%2CB01NCEELHW%2CB01LA746D8%2CB01N5CS28J%2CB01MV4I26D%2CB010P3AODY%2CB003YZNGAO%2CB003U92YL6%2CB007RE9V0M&srpt=KEYBOARDS
"08:46PM on October 30, 2021",??? ?????????? ,$22.87,https://amazon.com/Shinwa-Sokutei-62612/dp/B001PRX27K/ref=sr_1_7?dchild=1&keywords=Logitech+K780+Multi-Device+Wireless+Keyboard+for+Computer%2C+Phone+and+Tablet+%E2%80%93+FLOW+Cross-Computer+Control+Compatible+%E2%80%93+Speckles&qid=1635641201&qsid=131-3308123-0358221&sr=8-7&sres=B01LZTBKBG%2CB079F68RPZ%2CB08ZZ8L1N7%2CB088LV8RLD%2CB001PRX27K%2CB08Q7Q6KFY%2CB09FSZV67M%2CB000TGF87A%2CB01NCEELHW%2CB01LA746D8%2CB01N5CS28J%2CB01MV4I26D%2CB010P3AODY%2CB003YZNGAO%2CB003U92YL6%2CB007RE9V0M&srpt=KEYBOARDS
"08:46PM on October 30, 2021",. ,$9.90,https://amazon.com/Techicon/dp/B08Q7Q6KFY/ref=sr_1_8?dchild=1&keywords=Logitech+K780+Multi-Device+Wireless+Keyboard+for+Computer%2C+Phone+and+Tablet+%E2%80%93+FLOW+Cross-Computer+Control+Compatible+%E2%80%93+Speckles&qid=1635641201&qsid=131-3308123-0358221&sr=8-8&sres=B01LZTBKBG%2CB079F68RPZ%2CB08ZZ8L1N7%2CB088LV8RLD%2CB001PRX27K%2CB08Q7Q6KFY%2CB09FSZV67M%2CB000TGF87A%2CB01NCEELHW%2CB01LA746D8%2CB01N5CS28J%2CB01MV4I26D%2CB010P3AODY%2CB003YZNGAO%2CB003U92YL6%2CB007RE9V0M&srpt=KEYBOARDS
"08:46PM on October 30, 2021",ùêÅùêÄùêÉ ùêÉùêëùêÄùêÜùêéùêç ùêÉùêàùêÉùêãùêé ùêÖùêéùêë WùêéùêåùêÑùêç ùêëùêÑùêÄùêãùêàùêíùêìùêàùêÇ (Black) ,$38.50,https://amazon.com/%F0%9D%90%81%F0%9D%90%80%F0%9D%90%83-%F0%9D%90%83%F0%9D%90%91%F0%9D%90%80%F0%9D%90%86%F0%9D%90%8E%F0%9D%90%8D-%F0%9D%90%83%F0%9D%90%88%F0%9D%90%83%F0%9D%90%8B%F0%9D%90%8E-W%F0%9D%90%8E%F0%9D%90%8C%F0%9D%90%84%F0%9D%90%8D-%F0%9D%90%91%F0%9D%90%84%F0%9D%90%80%F0%9D%90%8B%F0%9D%90%88%F0%9D%90%92%F0%9D%90%93%F0%9D%90%88%F0%9D%90%82/dp/B09FSZV67M/ref=sr_1_9?dchild=1&keywords=Logitech+K780+Multi-Device+Wireless+Keyboard+for+Computer%2C+Phone+and+Tablet+%E2%80%93+FLOW+Cross-Computer+Control+Compatible+%E2%80%93+Speckles&qid=1635641201&qsid=131-3308123-0358221&sr=8-9&sres=B01LZTBKBG%2CB079F68RPZ%2CB08ZZ8L1N7%2CB088LV8RLD%2CB001PRX27K%2CB08Q7Q6KFY%2CB09FSZV67M%2CB000TGF87A%2CB01NCEELHW%2CB01LA746D8%2CB01N5CS28J%2CB01MV4I26D%2CB010P3AODY%2CB003YZNGAO%2CB003U92YL6%2CB007RE9V0M&srpt=KEYBOARDS
"08:46PM on October 30, 2021",??? ????????????? ,$18.87,https://amazon.com/Shinwa-Sokutei-62995/dp/B000TGF87A/ref=sr_1_10?dchild=1&keywords=Logitech+K780+Multi-Device+Wireless+Keyboard+for+Computer%2C+Phone+and+Tablet+%E2%80%93+FLOW+Cross-Computer+Control+Compatible+%E2%80%93+Speckles&qid=1635641201&qsid=131-3308123-0358221&sr=8-10&sres=B01LZTBKBG%2CB079F68RPZ%2CB08ZZ8L1N7%2CB088LV8RLD%2CB001PRX27K%2CB08Q7Q6KFY%2CB09FSZV67M%2CB000TGF87A%2CB01NCEELHW%2CB01LA746D8%2CB01N5CS28J%2CB01MV4I26D%2CB010P3AODY%2CB003YZNGAO%2CB003U92YL6%2CB007RE9V0M&srpt=KEYBOARDS
"08:46PM on October 30, 2021",Macally 2.4G Wireless Keyboard for Laptop or Desktop - Ultra Slim Full Size Computer Keyboard Wireless with Numeric Keypad - Compatible with Windows PC Keyboard Cordless - Black ,$19.99,https://amazon.com/gp/slredirect/picassoRedirect.html/ref=pa_sp_mtf_aps_sr_pg1_1?ie=UTF8&adId=A0926090VAIPNRG8613N&url=%2FMacally-Wireless-Keyboard-Computer-Desktop%2Fdp%2FB07R21K3BQ%2Fref%3Dsr_1_11_sspa%3Fdchild%3D1%26keywords%3DLogitech%2BK780%2BMulti-Device%2BWireless%2BKeyboard%2Bfor%2BComputer%252C%2BPhone%2Band%2BTablet%2B%25E2%2580%2593%2BFLOW%2BCross-Computer%2BControl%2BCompatible%2B%25E2%2580%2593%2BSpeckles%26qid%3D1635641201%26sr%3D8-11-spons%26psc%3D1&qualifier=1635641201&id=2909844206453120&widgetName=sp_mtf
"08:46PM on October 30, 2021","Logitech K780 Multi-Device Wireless Keyboard for Computer, Phone and Tablet ‚Äì FLOW Cross-Computer Control Compatible ‚Äì Speckles ",$59.99,https://amazon.com/gp/slredirect/picassoRedirect.html/ref=pa_sp_mtf_aps_sr_pg1_1?ie=UTF8&adId=A07830281JZM6PAGABZDQ&url=%2FLogitech-Multi-Device-Wireless-Keyboard-Computer%2Fdp%2FB01LZTBKBG%2Fref%3Dsr_1_16_sspa%3Fdchild%3D1%26keywords%3DLogitech%2BK780%2BMulti-Device%2BWireless%2BKeyboard%2Bfor%2BComputer%252C%2BPhone%2Band%2BTablet%2B%25E2%2580%2593%2BFLOW%2BCross-Computer%2BControl%2BCompatible%2B%25E2%2580%2593%2BSpeckles%26qid%3D1635641201%26sr%3D8-16-spons%26psc%3D1&qualifier=1635641201&id=2909844206453120&widgetName=sp_mtf
"08:46PM on October 30, 2021",SANWA Bluetooth Rechargeable Keyboard with trackpad for iPad/iPhone Switch to Black on 3 Devices GSKBBT066 ,$39.99,https://amazon.com/gp/slredirect/picassoRedirect.html/ref=pa_sp_btf_aps_sr_pg1_1?ie=UTF8&adId=A02704988AN6EZE3S0FA&url=%2FSANWA-GSKBBT066%2Fdp%2FB08HYYD366%2Fref%3Dsr_1_21_sspa%3Fdchild%3D1%26keywords%3DLogitech%2BK780%2BMulti-Device%2BWireless%2BKeyboard%2Bfor%2BComputer%252C%2BPhone%2Band%2BTablet%2B%25E2%2580%2593%2BFLOW%2BCross-Computer%2BControl%2BCompatible%2B%25E2%2580%2593%2BSpeckles%26qid%3D1635641201%26sr%3D8-21-spons%26psc%3D1&qualifier=1635641201&id=2909844206453120&widgetName=sp_btf
"08:46PM on October 30, 2021","Logitech K480 Bluetooth Multi-Device Portable Wireless Keyboard with Integrated Stand Phone Holder - Works with Windows and Mac Computers, Android and iOS Tablets and Smartphones (Black) ",$34.99,https://amazon.com/gp/slredirect/picassoRedirect.html/ref=pa_sp_btf_aps_sr_pg1_1?ie=UTF8&adId=A06909972CACSTSJNB0A0&url=%2FLogitech-Bluetooth-Multi-Device-Keyboard-K480%2Fdp%2FB00MUTWLW4%2Fref%3Dsr_1_22_sspa%3Fdchild%3D1%26keywords%3DLogitech%2BK780%2BMulti-Device%2BWireless%2BKeyboard%2Bfor%2BComputer%252C%2BPhone%2Band%2BTablet%2B%25E2%2580%2593%2BFLOW%2BCross-Computer%2BControl%2BCompatible%2B%25E2%2580%2593%2BSpeckles%26qid%3D1635641201%26sr%3D8-22-spons%26psc%3D1&qualifier=1635641201&id=2909844206453120&widgetName=sp_btf
"08:46PM on October 30, 2021","Sceptre 4K IPS 27"" 3840 x 2160 UHD Monitor up to 70Hz DisplayPort HDMI 99% sRGB Build-in Speakers, Black 2021 (U275W-UPT) ",$279.97,https://amazon.com/gp/slredirect/picassoRedirect.html/ref=pa_sp_atf_aps_sr_pg1_1?ie=UTF8&adId=A0503864ND9SEP12KDJA&url=%2FSceptre-Monitor-DisplayPort-Speakers-U275W-UPT%2Fdp%2FB098HQ8YRX%2Fref%3Dsr_1_1_sspa%3Fdchild%3D1%26keywords%3DSceptre%2BE248W-19203R%2B24%2522%2BUltra%2BThin%2B75Hz%2B1080p%2BLED%2BMonitor%2B2x%2BHDMI%2BVGA%2BBuild-in%2BSpeakers%252C%2BMetallic%2BBlack%2B2018%26qid%3D1635641211%26sr%3D8-1-spons%26psc%3D1&qualifier=1635641211&id=2533873404695701&widgetName=sp_atf
"08:46PM on October 30, 2021","Sceptre E248W-19203R 24"" Ultra Thin 75Hz 1080p LED Monitor 2x HDMI VGA Build-in Speakers, Metallic Black 2018 ",$139.97,https://amazon.com/Sceptre-E248W-19203R-Monitor-Speakers-Metallic/dp/B0773ZY26F/ref=sr_1_2?dchild=1&keywords=Sceptre+E248W-19203R+24%22+Ultra+Thin+75Hz+1080p+LED+Monitor+2x+HDMI+VGA+Build-in+Speakers%2C+Metallic+Black+2018&qid=1635641211&qsid=133-0619068-5755528&sr=8-2&sres=B0773ZY26F%2CB07TW9RZBJ%2CB077SRKKHQ%2CB07Z27B89R%2CB087QRW81Z%2CB07774L6TT%2CB092XF3W9T%2CB078HSKBG3%2CB07KXSR99Y%2CB089BTLL9K%2CB094Q98VLR%2CB00S8W8QMG%2CB07TK4DYK1%2CB07CY7W3VC%2CB083C3N44V%2CB088LV8RLD&srpt=MONITOR
"08:46PM on October 30, 2021","Sceptre E248W-19203R 24"" Ultra Thin 75Hz 1080p LED Monitor 2X HDMI VGA Build-in Speakers, Metallic Black 2018 & AmazonBasics High-Speed 4K HDMI Cable, 6 Feet, 1-Pack ",$146.96,https://amazon.com/Sceptre-E248W-19203R-Speakers-AmazonBasics-High-Speed/dp/B07TW9RZBJ/ref=sr_1_3?dchild=1&keywords=Sceptre+E248W-19203R+24%22+Ultra+Thin+75Hz+1080p+LED+Monitor+2x+HDMI+VGA+Build-in+Speakers%2C+Metallic+Black+2018&qid=1635641211&qsid=133-0619068-5755528&sr=8-3&sres=B0773ZY26F%2CB07TW9RZBJ%2CB077SRKKHQ%2CB07Z27B89R%2CB087QRW81Z%2CB07774L6TT%2CB092XF3W9T%2CB078HSKBG3%2CB07KXSR99Y%2CB089BTLL9K%2CB094Q98VLR%2CB00S8W8QMG%2CB07TK4DYK1%2CB07CY7W3VC%2CB083C3N44V%2CB088LV8RLD&srpt=MONITOR
"08:46PM on October 30, 2021","Sceptre E275W-19203R 27"" Ultra Thin 1080P LED Monitor 2X HDMI VGA Build-In Speakers, Metallic Black 2018 ",$179.97,https://amazon.com/Sceptre-E275W-19203R-Monitor-Speakers-Metallic/dp/B077SRKKHQ/ref=sr_1_4?dchild=1&keywords=Sceptre+E248W-19203R+24%22+Ultra+Thin+75Hz+1080p+LED+Monitor+2x+HDMI+VGA+Build-in+Speakers%2C+Metallic+Black+2018&qid=1635641211&qsid=133-0619068-5755528&sr=8-4&sres=B0773ZY26F%2CB07TW9RZBJ%2CB077SRKKHQ%2CB07Z27B89R%2CB087QRW81Z%2CB07774L6TT%2CB092XF3W9T%2CB078HSKBG3%2CB07KXSR99Y%2CB089BTLL9K%2CB094Q98VLR%2CB00S8W8QMG%2CB07TK4DYK1%2CB07CY7W3VC%2CB083C3N44V%2CB088LV8RLD&srpt=MONITOR
"08:46PM on October 30, 2021","Sceptre E248W-19203R 24"" Ultra Thin 75Hz 1080p LED Monitor 2X HDMI VGA Build-in Speakers, Metallic Black 2018 & AmazonBasics DisplayPort to HDMI Display Cable - 6 Feet ",$152.96,https://amazon.com/Sceptre-E248W-19203R-Speakers-AmazonBasics-DisplayPort/dp/B07Z27B89R/ref=sr_1_5?dchild=1&keywords=Sceptre+E248W-19203R+24%22+Ultra+Thin+75Hz+1080p+LED+Monitor+2x+HDMI+VGA+Build-in+Speakers%2C+Metallic+Black+2018&qid=1635641211&qsid=133-0619068-5755528&sr=8-5&sres=B0773ZY26F%2CB07TW9RZBJ%2CB077SRKKHQ%2CB07Z27B89R%2CB087QRW81Z%2CB07774L6TT%2CB092XF3W9T%2CB078HSKBG3%2CB07KXSR99Y%2CB089BTLL9K%2CB094Q98VLR%2CB00S8W8QMG%2CB07TK4DYK1%2CB07CY7W3VC%2CB083C3N44V%2CB088LV8RLD&srpt=MONITOR
"08:46PM on October 30, 2021","Sceptre IPS 24-Inch Business Computer Monitor 1080p 75Hz with HDMI VGA Build-in Speakers, Machine Black (E248W-FPT) ",$141.29,https://amazon.com/Sceptre-Business-Computer-Speakers-E248W-FPT/dp/B087QRW81Z/ref=sr_1_6?dchild=1&keywords=Sceptre+E248W-19203R+24%22+Ultra+Thin+75Hz+1080p+LED+Monitor+2x+HDMI+VGA+Build-in+Speakers%2C+Metallic+Black+2018&qid=1635641211&qsid=133-0619068-5755528&sr=8-6&sres=B0773ZY26F%2CB07TW9RZBJ%2CB077SRKKHQ%2CB07Z27B89R%2CB087QRW81Z%2CB07774L6TT%2CB092XF3W9T%2CB078HSKBG3%2CB07KXSR99Y%2CB089BTLL9K%2CB094Q98VLR%2CB00S8W8QMG%2CB07TK4DYK1%2CB07CY7W3VC%2CB083C3N44V%2CB088LV8RLD&srpt=MONITOR
"08:46PM on October 30, 2021","Sceptre E225W-19203R 22"" Ultra Thin 75Hz 1080p LED Monitor 2x HDMI VGA Build-in Speakers, Metallic Black 2018 ",$175.00,https://amazon.com/Sceptre-E225W-19203R-Monitor-Speakers-Metallic/dp/B07774L6TT/ref=sr_1_7?dchild=1&keywords=Sceptre+E248W-19203R+24%22+Ultra+Thin+75Hz+1080p+LED+Monitor+2x+HDMI+VGA+Build-in+Speakers%2C+Metallic+Black+2018&qid=1635641211&qsid=133-0619068-5755528&sr=8-7&sres=B0773ZY26F%2CB07TW9RZBJ%2CB077SRKKHQ%2CB07Z27B89R%2CB087QRW81Z%2CB07774L6TT%2CB092XF3W9T%2CB078HSKBG3%2CB07KXSR99Y%2CB089BTLL9K%2CB094Q98VLR%2CB00S8W8QMG%2CB07TK4DYK1%2CB07CY7W3VC%2CB083C3N44V%2CB088LV8RLD&srpt=MONITOR
"08:46PM on October 30, 2021",Sceptre IPS 24-Inch Computer LED Monitor 1920x1080 1080p HDMI VGA up to 75Hz 300 Lux Build-in Speakers 2021 Black (E249W-FPT) ,$152.26,https://amazon.com/Sceptre-Computer-1920x1080-Speakers-E249W-FPT/dp/B092XF3W9T/ref=sr_1_8?dchild=1&keywords=Sceptre+E248W-19203R+24%22+Ultra+Thin+75Hz+1080p+LED+Monitor+2x+HDMI+VGA+Build-in+Speakers%2C+Metallic+Black+2018&qid=1635641211&qsid=133-0619068-5755528&sr=8-8&sres=B0773ZY26F%2CB07TW9RZBJ%2CB077SRKKHQ%2CB07Z27B89R%2CB087QRW81Z%2CB07774L6TT%2CB092XF3W9T%2CB078HSKBG3%2CB07KXSR99Y%2CB089BTLL9K%2CB094Q98VLR%2CB00S8W8QMG%2CB07TK4DYK1%2CB07CY7W3VC%2CB083C3N44V%2CB088LV8RLD&srpt=MONITOR
"08:46PM on October 30, 2021","Sceptre 27-Inch FHD LED Gaming Monitor 75Hz 2X HDMI VGA Build-in Speakers, Ultra Slim Metal Black ",$174.97,https://amazon.com/Sceptre-27-Inch-Gaming-Monitor-Speakers/dp/B078HSKBG3/ref=sr_1_9?dchild=1&keywords=Sceptre+E248W-19203R+24%22+Ultra+Thin+75Hz+1080p+LED+Monitor+2x+HDMI+VGA+Build-in+Speakers%2C+Metallic+Black+2018&qid=1635641211&qsid=133-0619068-5755528&sr=8-9&sres=B0773ZY26F%2CB07TW9RZBJ%2CB077SRKKHQ%2CB07Z27B89R%2CB087QRW81Z%2CB07774L6TT%2CB092XF3W9T%2CB078HSKBG3%2CB07KXSR99Y%2CB089BTLL9K%2CB094Q98VLR%2CB00S8W8QMG%2CB07TK4DYK1%2CB07CY7W3VC%2CB083C3N44V%2CB088LV8RLD&srpt=MONITOR
"08:46PM on October 30, 2021",Elo 1515L Desktop Touchscreen LCD Monitor - 15-Inch - Surface Acoustic Wave - 1024 x 768 - 4:3 - Dark Gray E700813 ,$461.00,https://amazon.com/gp/slredirect/picassoRedirect.html/ref=pa_sp_mtf_aps_sr_pg1_1?ie=UTF8&adId=A04917362MVPJ915367PL&url=%2FElo-1515L-Desktop-Touchscreen-Monitor%2Fdp%2FB002HNCUBA%2Fref%3Dsr_1_10_sspa%3Fdchild%3D1%26keywords%3DSceptre%2BE248W-19203R%2B24%2522%2BUltra%2BThin%2B75Hz%2B1080p%2BLED%2BMonitor%2B2x%2BHDMI%2BVGA%2BBuild-in%2BSpeakers%252C%2BMetallic%2BBlack%2B2018%26qid%3D1635641211%26sr%3D8-10-spons%26psc%3D1&qualifier=1635641211&id=2533873404695701&widgetName=sp_mtf
"08:46PM on October 30, 2021","Sceptre 24"" Curved 75Hz Gaming LED Monitor Full HD 1080P HDMI VGA Speakers, VESA Wall Mount Ready Metal Black 2019 (C248W-1920RN) ",$258.00,https://amazon.com/Sceptre-Curved-Monitor-Speakers-C248W-1920RN/dp/B07KXSR99Y/ref=sr_1_11?dchild=1&keywords=Sceptre+E248W-19203R+24%22+Ultra+Thin+75Hz+1080p+LED+Monitor+2x+HDMI+VGA+Build-in+Speakers%2C+Metallic+Black+2018&qid=1635641211&qsid=133-0619068-5755528&sr=8-11&sres=B0773ZY26F%2CB07TW9RZBJ%2CB077SRKKHQ%2CB07Z27B89R%2CB087QRW81Z%2CB07774L6TT%2CB092XF3W9T%2CB078HSKBG3%2CB07KXSR99Y%2CB089BTLL9K%2CB094Q98VLR%2CB00S8W8QMG%2CB07TK4DYK1%2CB07CY7W3VC%2CB083C3N44V%2CB088LV8RLD&srpt=MONITOR
"08:46PM on October 30, 2021","Sceptre IPS 27-Inch Business Computer Monitor 1080p 75Hz with HDMI VGA Build-in Speakers, Machine Black 2020 (E275W-FPT), 27"" IPS 75Hz ",$159.98,https://amazon.com/Sceptre-Business-Computer-Speakers-e275W-FPT/dp/B089BTLL9K/ref=sr_1_12?dchild=1&keywords=Sceptre+E248W-19203R+24%22+Ultra+Thin+75Hz+1080p+LED+Monitor+2x+HDMI+VGA+Build-in+Speakers%2C+Metallic+Black+2018&qid=1635641211&qsid=133-0619068-5755528&sr=8-12&sres=B0773ZY26F%2CB07TW9RZBJ%2CB077SRKKHQ%2CB07Z27B89R%2CB087QRW81Z%2CB07774L6TT%2CB092XF3W9T%2CB078HSKBG3%2CB07KXSR99Y%2CB089BTLL9K%2CB094Q98VLR%2CB00S8W8QMG%2CB07TK4DYK1%2CB07CY7W3VC%2CB083C3N44V%2CB088LV8RLD&srpt=MONITOR
"08:46PM on October 30, 2021","Sceptre 20 inch LED Monitor 1600 x 900 HD+ 75Hz HDMI VGA Build-in Speakers, 99% sRGB Wall Mount Ready Black 2021 (E205W-16003RTT) ",$129.97,https://amazon.com/Sceptre-Monitor-Build-Speakers-E205W-16003RTT/dp/B094Q98VLR/ref=sr_1_13?dchild=1&keywords=Sceptre+E248W-19203R+24%22+Ultra+Thin+75Hz+1080p+LED+Monitor+2x+HDMI+VGA+Build-in+Speakers%2C+Metallic+Black+2018&qid=1635641211&qsid=133-0619068-5755528&sr=8-13&sres=B0773ZY26F%2CB07TW9RZBJ%2CB077SRKKHQ%2CB07Z27B89R%2CB087QRW81Z%2CB07774L6TT%2CB092XF3W9T%2CB078HSKBG3%2CB07KXSR99Y%2CB089BTLL9K%2CB094Q98VLR%2CB00S8W8QMG%2CB07TK4DYK1%2CB07CY7W3VC%2CB083C3N44V%2CB088LV8RLD&srpt=MONITOR
"08:46PM on October 30, 2021","Flagship 2020 Acer Nitro 27"" 1080P Gaming/Office/Home Monitor - Ultra Narrow Edge, Anti-Glare FHD IPS 16:9 Display 75Hz 1ms Virtual Response Boost AMD Free Sync, Tilt Capable, VGA (Renewed) ",$189.00,https://amazon.com/gp/slredirect/picassoRedirect.html/ref=pa_sp_mtf_aps_sr_pg1_1?ie=UTF8&adId=A0448137JFJNTLGOAP3B&url=%2FFlagship-Acer-Gaming-Office-Monitor%2Fdp%2FB08T8RMX78%2Fref%3Dsr_1_15_sspa%3Fdchild%3D1%26keywords%3DSceptre%2BE248W-19203R%2B24%2522%2BUltra%2BThin%2B75Hz%2B1080p%2BLED%2BMonitor%2B2x%2BHDMI%2BVGA%2BBuild-in%2BSpeakers%252C%2BMetallic%2BBlack%2B2018%26qid%3D1635641211%26sr%3D8-15-spons%26psc%3D1&qualifier=1635641211&id=2533873404695701&widgetName=sp_mtf
"08:46PM on October 30, 2021","Sceptre E275W-19203R 27"" Ultra Thin 1080P LED Monitor up to 75Hz 2X HDMI VGA, Metallic Black & E248W-19203R 24"" Ultra Thin 75Hz 1080p LED Monitor 2X HDMI VGA, Metallic Black 2018 ",$319.94,https://amazon.com/Sceptre-E275W-19203R-Monitor-Metallic-E248W-19203R/dp/B083C3N44V/ref=sr_1_18?dchild=1&keywords=Sceptre+E248W-19203R+24%22+Ultra+Thin+75Hz+1080p+LED+Monitor+2x+HDMI+VGA+Build-in+Speakers%2C+Metallic+Black+2018&qid=1635641211&qsid=133-0619068-5755528&sr=8-18&sres=B0773ZY26F%2CB07TW9RZBJ%2CB077SRKKHQ%2CB07Z27B89R%2CB087QRW81Z%2CB07774L6TT%2CB092XF3W9T%2CB078HSKBG3%2CB07KXSR99Y%2CB089BTLL9K%2CB094Q98VLR%2CB00S8W8QMG%2CB07TK4DYK1%2CB07CY7W3VC%2CB083C3N44V%2CB088LV8RLD&srpt=MONITOR
"08:46PM on October 30, 2021",Norme Halloween Neck Gaiter Face Scarf Mask Breathable Face Balaclava Adult Face Cover Scarf for Women Men ,$9.99,https://amazon.com/Norme-Protection-Cooling-Bandana-Headwear/dp/B088LV8RLD/ref=sr_1_19?dchild=1&keywords=Sceptre+E248W-19203R+24%22+Ultra+Thin+75Hz+1080p+LED+Monitor+2x+HDMI+VGA+Build-in+Speakers%2C+Metallic+Black+2018&qid=1635641211&qsid=133-0619068-5755528&sr=8-19&sres=B0773ZY26F%2CB07TW9RZBJ%2CB077SRKKHQ%2CB07Z27B89R%2CB087QRW81Z%2CB07774L6TT%2CB092XF3W9T%2CB078HSKBG3%2CB07KXSR99Y%2CB089BTLL9K%2CB094Q98VLR%2CB00S8W8QMG%2CB07TK4DYK1%2CB07CY7W3VC%2CB083C3N44V%2CB088LV8RLD&srpt=MONITOR
"08:46PM on October 30, 2021","Dell Newest 27-inch QHD 1440p (2560 x 1440) IPS Ultra-Thin Bezel Monitor, 75Hz Refresh Rate, ADM FreeSync, HDMI, DisplayPorts, Built in Speakers, VESA Certified, Sliver ",$399.99,https://amazon.com/gp/slredirect/picassoRedirect.html/ref=pa_sp_btf_aps_sr_pg1_1?ie=UTF8&adId=A01308291AW1N2XPU5OQ0&url=%2FDell-Ultra-Thin-FreeSync-DisplayPorts-Certified%2Fdp%2FB091J7HYXH%2Fref%3Dsr_1_20_sspa%3Fdchild%3D1%26keywords%3DSceptre%2BE248W-19203R%2B24%2522%2BUltra%2BThin%2B75Hz%2B1080p%2BLED%2BMonitor%2B2x%2BHDMI%2BVGA%2BBuild-in%2BSpeakers%252C%2BMetallic%2BBlack%2B2018%26qid%3D1635641211%26sr%3D8-20-spons%26psc%3D1&qualifier=1635641211&id=2533873404695701&widgetName=sp_btf
"08:46PM on October 30, 2021","Portable Monitor, InnoView 15.8 Inch FHD 1080P USB C HDMI Second External Monitor for Laptop, Desktop, MacBook, Phones, Tablet, PS5/4, Xbox, Switch, Built-in Speaker with Protective Case ",$179.99,https://amazon.com/gp/slredirect/picassoRedirect.html/ref=pa_sp_btf_aps_sr_pg1_1?ie=UTF8&adId=A1039394C1TX0LQ6QHJL&url=%2FPortable-Monitor-InnoView-External-Protective%2Fdp%2FB095GG31KX%2Fref%3Dsr_1_21_sspa%3Fdchild%3D1%26keywords%3DSceptre%2BE248W-19203R%2B24%2522%2BUltra%2BThin%2B75Hz%2B1080p%2BLED%2BMonitor%2B2x%2BHDMI%2BVGA%2BBuild-in%2BSpeakers%252C%2BMetallic%2BBlack%2B2018%26qid%3D1635641211%26sr%3D8-21-spons%26psc%3D1&qualifier=1635641211&id=2533873404695701&widgetName=sp_btf
"08:46PM on October 30, 2021","BenQ 24 Inch 1080P Monitor | 75 Hz for Gaming | Proprietary Eye-Care Tech |Adaptive Brightness for Image Quality | GL2480,Black ",$159.99,https://amazon.com/gp/slredirect/picassoRedirect.html/ref=pa_sp_btf_aps_sr_pg1_1?ie=UTF8&adId=A07059632652F1G3M2VPG&url=%2FBenQ-GL2480%2Fdp%2FB00IKDFL4O%2Fref%3Dsr_1_22_sspa%3Fdchild%3D1%26keywords%3DSceptre%2BE248W-19203R%2B24%2522%2BUltra%2BThin%2B75Hz%2B1080p%2BLED%2BMonitor%2B2x%2BHDMI%2BVGA%2BBuild-in%2BSpeakers%252C%2BMetallic%2BBlack%2B2018%26qid%3D1635641211%26sr%3D8-22-spons%26psc%3D1&qualifier=1635641211&id=2533873404695701&widgetName=sp_btf
