title,price,datetime
"Portable Monitor - Lepow 15.6 Inch Computer Display 1920×1080 Full HD IPS Screen USB C Gaming Monitor with Type-C Mini HDMI for Laptop PC MAC Phone Xbox PS4, Include Smart Cover & Screen Protector",219.99,20211201-2220
"Portable Monitor - Lepow 15.6 Inch Computer Display 1920×1080 Full HD IPS Screen USB C Gaming Monitor with Type-C Mini HDMI for Laptop PC MAC Phone Xbox PS4, Include Smart Cover & Screen Protector",219.99,20211202-2221
"Portable Monitor - Lepow 15.6 Inch Computer Display 1920×1080 Full HD IPS Screen USB C Gaming Monitor with Type-C Mini HDMI for Laptop PC MAC Phone Xbox PS4, Include Smart Cover & Screen Protector",219.99,20211203-2222
"Portable Monitor - Lepow 15.6 Inch Computer Display 1920×1080 Full HD IPS Screen USB C Gaming Monitor with Type-C Mini HDMI for Laptop PC MAC Phone Xbox PS4, Include Smart Cover & Screen Protector",219.99,20211204-2223
"Portable Monitor - Lepow 15.6 Inch Computer Display 1920×1080 Full HD IPS Screen USB C Gaming Monitor with Type-C Mini HDMI for Laptop PC MAC Phone Xbox PS4, Include Smart Cover & Screen Protector",219.99,20211205-2223
"Portable Monitor - Lepow 15.6 Inch Computer Display 1920×1080 Full HD IPS Screen USB C Gaming Monitor with Type-C Mini HDMI for Laptop PC MAC Phone Xbox PS4, Include Smart Cover & Screen Protector",219.99,20211206-2225
"Portable Monitor - Lepow 15.6 Inch Computer Display 1920×1080 Full HD IPS Screen USB C Gaming Monitor with Type-C Mini HDMI for Laptop PC MAC Phone Xbox PS4, Include Smart Cover & Screen Protector",219.99,20211207-2231
"Portable Monitor - Lepow 15.6 Inch Computer Display 1920×1080 Full HD IPS Screen USB C Gaming Monitor with Type-C Mini HDMI for Laptop PC MAC Phone Xbox PS4, Include Smart Cover & Screen Protector",219.99,20211208-2232
"Portable Monitor - Lepow 15.6 Inch Computer Display 1920×1080 Full HD IPS Screen USB C Gaming Monitor with Type-C Mini HDMI for Laptop PC MAC Phone Xbox PS4, Include Smart Cover & Screen Protector",219.99,20211209-2234
"Portable Monitor - Lepow 15.6 Inch Computer Display 1920×1080 Full HD IPS Screen USB C Gaming Monitor with Type-C Mini HDMI for Laptop PC MAC Phone Xbox PS4, Include Smart Cover & Screen Protector",219.99,20211210-2236
"Portable Monitor - Lepow 15.6 Inch Computer Display 1920×1080 Full HD IPS Screen USB C Gaming Monitor with Type-C Mini HDMI for Laptop PC MAC Phone Xbox PS4, Include Smart Cover & Screen Protector",219.99,20211211-2242
"Portable Monitor - Lepow 15.6 Inch Computer Display 1920×1080 Full HD IPS Screen USB C Gaming Monitor with Type-C Mini HDMI for Laptop PC MAC Phone Xbox PS4, Include Smart Cover & Screen Protector",219.99,20211212-2244
"Portable Monitor - Lepow 15.6 Inch Computer Display 1920×1080 Full HD IPS Screen USB C Gaming Monitor with Type-C Mini HDMI for Laptop PC MAC Phone Xbox PS4, Include Smart Cover & Screen Protector",219.99,20211213-2245
"Portable Monitor - Lepow 15.6 Inch Computer Display 1920×1080 Full HD IPS Screen USB C Gaming Monitor with Type-C Mini HDMI for Laptop PC MAC Phone Xbox PS4, Include Smart Cover & Screen Protector",186.99,20211219-2116
"Portable Monitor - Lepow 15.6 Inch Computer Display 1920×1080 Full HD IPS Screen USB C Gaming Monitor with Type-C Mini HDMI for Laptop PC MAC Phone Xbox PS4, Include Smart Cover & Screen Protector",219.99,20220101-1353
"Portable Monitor - Lepow 15.6 Inch Computer Display 1920×1080 Full HD IPS Screen USB C Gaming Monitor with Type-C Mini HDMI for Laptop PC MAC Phone Xbox PS4, Include Smart Cover & Screen Protector",219.99,20220102-2151
"Portable Monitor - Lepow 15.6 Inch Computer Display 1920×1080 Full HD IPS Screen USB C Gaming Monitor with Type-C Mini HDMI for Laptop PC MAC Phone Xbox PS4, Include Smart Cover & Screen Protector",219.99,20220103-1817
"Portable Monitor - Lepow 15.6 Inch Computer Display 1920×1080 Full HD IPS Screen USB C Gaming Monitor with Type-C Mini HDMI for Laptop PC MAC Phone Xbox PS4, Include Smart Cover & Screen Protector",219.99,20220115-1446
"Portable Monitor - Lepow 15.6 Inch Computer Display 1920×1080 Full HD IPS Screen USB C Gaming Monitor with Type-C Mini HDMI for Laptop PC MAC Phone Xbox PS4, Include Smart Cover & Screen Protector",219.99,20220115-2052
"Portable Monitor - Lepow 15.6 Inch Computer Display 1920×1080 Full HD IPS Screen USB C Gaming Monitor with Type-C Mini HDMI for Laptop PC MAC Phone Xbox PS4, Include Smart Cover & Screen Protector",219.99,20220115-2059
"Portable Monitor - Lepow 15.6 Inch Computer Display 1920×1080 Full HD IPS Screen USB C Gaming Monitor with Type-C Mini HDMI for Laptop PC MAC Phone Xbox PS4, Include Smart Cover & Screen Protector",219.99,20220115-2118
"Portable Monitor - Lepow 15.6 Inch Computer Display 1920×1080 Full HD IPS Screen USB C Gaming Monitor with Type-C Mini HDMI for Laptop PC MAC Phone Xbox PS4, Include Smart Cover & Screen Protector",219.99,20220115-2334
"Portable Monitor - Lepow 15.6 Inch Computer Display 1920×1080 Full HD IPS Screen USB C Gaming Monitor with Type-C Mini HDMI for Laptop PC MAC Phone Xbox PS4, Include Smart Cover & Screen Protector",219.99,20220116-1124
"Portable Monitor - Lepow 15.6 Inch Computer Display 1920×1080 Full HD IPS Screen USB C Gaming Monitor with Type-C Mini HDMI for Laptop PC MAC Phone Xbox PS4, Include Smart Cover & Screen Protector",219.99,20220116-1133
"Portable Monitor - Lepow 15.6 Inch Computer Display 1920×1080 Full HD IPS Screen USB C Gaming Monitor with Type-C Mini HDMI for Laptop PC MAC Phone Xbox PS4, Include Smart Cover & Screen Protector",219.99,20220116-2000
"Portable Monitor - Lepow 15.6 Inch Computer Display 1920×1080 Full HD IPS Screen USB C Gaming Monitor with Type-C Mini HDMI for Laptop PC MAC Phone Xbox PS4, Include Smart Cover & Screen Protector",186.99,20220117-2000
"Portable Monitor - Lepow 15.6 Inch Computer Display 1920×1080 Full HD IPS Screen USB C Gaming Monitor with Type-C Mini HDMI for Laptop PC MAC Phone Xbox PS4, Include Smart Cover & Screen Protector",186.99,20220118-2000
"Portable Monitor - Lepow 15.6 Inch Computer Display 1920×1080 Full HD IPS Screen USB C Gaming Monitor with Type-C Mini HDMI for Laptop PC MAC Phone Xbox PS4, Include Smart Cover & Screen Protector",186.99,20220121-2000
"Portable Monitor - Lepow 15.6 Inch Computer Display 1920×1080 Full HD IPS Screen USB C Gaming Monitor with Type-C Mini HDMI for Laptop PC MAC Phone Xbox PS4, Include Smart Cover & Screen Protector",186.99,20220122-2000
"Portable Monitor - Lepow 15.6 Inch Computer Display 1920×1080 Full HD IPS Screen USB C Gaming Monitor with Type-C Mini HDMI for Laptop PC MAC Phone Xbox PS4, Include Smart Cover & Screen Protector",219.99,20220124-2000
"Portable Monitor - Lepow 15.6 Inch Computer Display 1920×1080 Full HD IPS Screen USB C Gaming Monitor with Type-C Mini HDMI for Laptop PC MAC Phone Xbox PS4, Include Smart Cover & Screen Protector",219.99,20220124-2002
"Portable Monitor - Lepow 15.6 Inch Computer Display 1920×1080 Full HD IPS Screen USB C Gaming Monitor with Type-C Mini HDMI for Laptop PC MAC Phone Xbox PS4, Include Smart Cover & Screen Protector",219.99,20220125-2103
"Portable Monitor - Lepow 15.6 Inch Computer Display 1920×1080 Full HD IPS Screen USB C Gaming Monitor with Type-C Mini HDMI for Laptop PC MAC Phone Xbox PS4, Include Smart Cover & Screen Protector",219.99,20220126-2013
"Portable Monitor - Lepow 15.6 Inch Computer Display 1920×1080 Full HD IPS Screen USB C Gaming Monitor with Type-C Mini HDMI for Laptop PC MAC Phone Xbox PS4, Include Smart Cover & Screen Protector",219.99,20220127-2033
"Portable Monitor - Lepow 15.6 Inch Computer Display 1920×1080 Full HD IPS Screen USB C Gaming Monitor with Type-C Mini HDMI for Laptop PC MAC Phone Xbox PS4, Include Smart Cover & Screen Protector",219.99,20220128-2059
"Portable Monitor - Lepow 15.6 Inch Computer Display 1920×1080 Full HD IPS Screen USB C Gaming Monitor with Type-C Mini HDMI for Laptop PC MAC Phone Xbox PS4, Include Smart Cover & Screen Protector",219.99,20220129-2000
"Portable Monitor - Lepow 15.6 Inch Computer Display 1920×1080 Full HD IPS Screen USB C Gaming Monitor with Type-C Mini HDMI for Laptop PC MAC Phone Xbox PS4, Include Smart Cover & Screen Protector",219.99,20220131-2219
"Portable Monitor - Lepow 15.6 Inch Computer Display 1920×1080 Full HD IPS Screen USB C Gaming Monitor with Type-C Mini HDMI for Laptop PC MAC Phone Xbox PS4, Include Smart Cover & Screen Protector",219.99,20220202-2000
"Portable Monitor - Lepow 15.6 Inch Computer Display 1920×1080 Full HD IPS Screen USB C Gaming Monitor with Type-C Mini HDMI for Laptop PC MAC Phone Xbox PS4, Include Smart Cover & Screen Protector",186.99,20220203-2039
"Portable Monitor - Lepow 15.6 Inch Computer Display 1920×1080 Full HD IPS Screen USB C Gaming Monitor with Type-C Mini HDMI for Laptop PC MAC Phone Xbox PS4, Include Smart Cover & Screen Protector",219.99,20220204-2221
"Portable Monitor - Lepow 15.6 Inch Computer Display 1920×1080 Full HD IPS Screen USB C Gaming Monitor with Type-C Mini HDMI for Laptop PC MAC Phone Xbox PS4, Include Smart Cover & Screen Protector",219.99,20220205-2000
"Portable Monitor - Lepow 15.6 Inch Computer Display 1920×1080 Full HD IPS Screen USB C Gaming Monitor with Type-C Mini HDMI for Laptop PC MAC Phone Xbox PS4, Include Smart Cover & Screen Protector",219.99,20220206-2000
"Portable Monitor - Lepow 15.6 Inch Computer Display 1920×1080 Full HD IPS Screen USB C Gaming Monitor with Type-C Mini HDMI for Laptop PC MAC Phone Xbox PS4, Include Smart Cover & Screen Protector",219.99,20220208-2146
"Portable Monitor - Lepow 15.6 Inch Computer Display 1920×1080 Full HD IPS Screen USB C Gaming Monitor with Type-C Mini HDMI for Laptop PC MAC Phone Xbox PS4, Include Smart Cover & Screen Protector",219.99,20220209-2128
"Portable Monitor - Lepow 15.6 Inch Computer Display 1920×1080 Full HD IPS Screen USB C Gaming Monitor with Type-C Mini HDMI for Laptop PC MAC Phone Xbox PS4, Include Smart Cover & Screen Protector",219.99,20220210-2000
"Portable Monitor - Lepow 15.6 Inch Computer Display 1920×1080 Full HD IPS Screen USB C Gaming Monitor with Type-C Mini HDMI for Laptop PC MAC Phone Xbox PS4, Include Smart Cover & Screen Protector",219.99,20220211-2000
"Portable Monitor - Lepow 15.6 Inch Computer Display 1920×1080 Full HD IPS Screen USB C Gaming Monitor with Type-C Mini HDMI for Laptop PC MAC Phone Xbox PS4, Include Smart Cover & Screen Protector",219.99,20220213-1127
"Portable Monitor - Lepow 15.6 Inch Computer Display 1920×1080 Full HD IPS Screen USB C Gaming Monitor with Type-C Mini HDMI for Laptop PC MAC Phone Xbox PS4, Include Smart Cover & Screen Protector",186.99,20220214-2107
"Portable Monitor - Lepow 15.6 Inch Computer Display 1920×1080 Full HD IPS Screen USB C Gaming Monitor with Type-C Mini HDMI for Laptop PC MAC Phone Xbox PS4, Include Smart Cover & Screen Protector",186.99,20220215-2000
"Portable Monitor - Lepow 15.6 Inch Computer Display 1920×1080 Full HD IPS Screen USB C Gaming Monitor with Type-C Mini HDMI for Laptop PC MAC Phone Xbox PS4, Include Smart Cover & Screen Protector",186.99,20220216-2000
"Portable Monitor - Lepow 15.6 Inch Computer Display 1920×1080 Full HD IPS Screen USB C Gaming Monitor with Type-C Mini HDMI for Laptop PC MAC Phone Xbox PS4, Include Smart Cover & Screen Protector",186.99,20220218-2000
"Portable Monitor - Lepow 15.6 Inch Computer Display 1920×1080 Full HD IPS Screen USB C Gaming Monitor with Type-C Mini HDMI for Laptop PC MAC Phone Xbox PS4, Include Smart Cover & Screen Protector",186.99,20220219-2000
"Portable Monitor - Lepow 15.6 Inch Computer Display 1920×1080 Full HD IPS Screen USB C Gaming Monitor with Type-C Mini HDMI for Laptop PC MAC Phone Xbox PS4, Include Smart Cover & Screen Protector",186.99,20220220-2000
"Portable Monitor - Lepow 15.6 Inch Computer Display 1920×1080 Full HD IPS Screen USB C Gaming Monitor with Type-C Mini HDMI for Laptop PC MAC Phone Xbox PS4, Include Smart Cover & Screen Protector",219.99,20220221-2000
"Portable Monitor - Lepow 15.6 Inch Computer Display 1920×1080 Full HD IPS Screen USB C Gaming Monitor with Type-C Mini HDMI for Laptop PC MAC Phone Xbox PS4, Include Smart Cover & Screen Protector",219.99,20220222-2000
"Portable Monitor - Lepow 15.6 Inch Computer Display 1920×1080 Full HD IPS Screen USB C Gaming Monitor with Type-C Mini HDMI for Laptop PC MAC Phone Xbox PS4, Include Smart Cover & Screen Protector",199.99,20220223-2158
"Portable Monitor - Lepow 15.6 Inch Computer Display 1920×1080 Full HD IPS Screen USB C Gaming Monitor with Type-C Mini HDMI for Laptop PC MAC Phone Xbox PS4, Include Smart Cover & Screen Protector",199.99,20220224-2216
"Portable Monitor - Lepow 15.6 Inch Computer Display 1920×1080 Full HD IPS Screen USB C Gaming Monitor with Type-C Mini HDMI for Laptop PC MAC Phone Xbox PS4, Include Smart Cover & Screen Protector",169.99,20220225-2000
"Portable Monitor - Lepow 15.6 Inch Computer Display 1920×1080 Full HD IPS Screen USB C Gaming Monitor with Type-C Mini HDMI for Laptop PC MAC Phone Xbox PS4, Include Smart Cover & Screen Protector",199.99,20220226-2000
"Portable Monitor - Lepow 15.6 Inch Computer Display 1920×1080 Full HD IPS Screen USB C Gaming Monitor with Type-C Mini HDMI for Laptop PC MAC Phone Xbox PS4, Include Smart Cover & Screen Protector",169.99,20220228-2148
"Portable Monitor - Lepow 15.6 Inch Computer Display 1920×1080 Full HD IPS Screen USB C Gaming Monitor with Type-C Mini HDMI for Laptop PC MAC Phone Xbox PS4, Include Smart Cover & Screen Protector",199.99,20220302-2000
"Portable Monitor - Lepow 15.6 Inch Computer Display 1920×1080 Full HD IPS Screen USB C Gaming Monitor with Type-C Mini HDMI for Laptop PC MAC Phone Xbox PS4, Include Smart Cover & Screen Protector",199.99,20220303-2000
"Portable Monitor - Lepow 15.6 Inch Computer Display 1920×1080 Full HD IPS Screen USB C Gaming Monitor with Type-C Mini HDMI for Laptop PC MAC Phone Xbox PS4, Include Smart Cover & Screen Protector",199.99,20220304-2000
"Portable Monitor - Lepow 15.6 Inch Computer Display 1920×1080 Full HD IPS Screen USB C Gaming Monitor with Type-C Mini HDMI for Laptop PC MAC Phone Xbox PS4, Include Smart Cover & Screen Protector",199.99,20220307-1718
"Portable Monitor - Lepow 15.6 Inch Computer Display 1920×1080 Full HD IPS Screen USB C Gaming Monitor with Type-C Mini HDMI for Laptop PC MAC Phone Xbox PS4, Include Smart Cover & Screen Protector",199.99,20220307-2112
